{
    "accuracy": 0.9979643765903308,
    "f1_score": 0.9979643815072708,
    "confusion_matrix": [
        [
            1682,
            2,
            4
        ],
        [
            2,
            2374,
            1
        ],
        [
            3,
            0,
            1827
        ]
    ],
    "classification_report": {
        "Billing": {
            "precision": 0.997036158861885,
            "recall": 0.9964454976303317,
            "f1-score": 0.9967407407407407,
            "support": 1688.0
        },
        "General": {
            "precision": 0.9991582491582491,
            "recall": 0.9987379049221708,
            "f1-score": 0.998948032821376,
            "support": 2377.0
        },
        "Technical": {
            "precision": 0.9972707423580786,
            "recall": 0.9983606557377049,
            "f1-score": 0.997815401419989,
            "support": 1830.0
        },
        "accuracy": 0.9979643765903308,
        "macro avg": {
            "precision": 0.9978217167927376,
            "recall": 0.9978480194300691,
            "f1-score": 0.9978347249940352,
            "support": 5895.0
        },
        "weighted avg": {
            "precision": 0.997964656984445,
            "recall": 0.9979643765903308,
            "f1-score": 0.9979643815072708,
            "support": 5895.0
        }
    }
}